name_scientific,order,name_en,name_local,alternate_names_local,alternate_names_en,name_meaning_en,description_local,description_en,size,images_json,song_audios
Fulica americana,Gruiformes,american coot,bíaxaake ishtahisshikáate,,,red eye duck,,,Small-Medium,,
Cinclus mexicanus,Passeriformes,american dipper,akchilakappeelísshe,,,one who picks it up dancing; the gloss we have describes a dancer not a bird,,,Medium,,
Icterus galbula,Passeriformes,baltimore oriole,dakáakooshe,,northern oriole (deprecated),red bird,,,Small,,
Riparia riparia,Passeriformes,bank swallow,awakóokaate,iipsáhte,,small brings dirt; forked tail,,,Tiny,,
Hirundo rustica,Passeriformes,barn swallow,awakóo,iipsáhte,,brings dirt; forked tail,,,Small,,
Pica hudsonia,Passeriformes,black-billed magpie,íipiakaate,,,slender tail,,,Small-Medium,,
Dolichonyx oryzivorus,Passeriformes,bobolink,xuáhchee chichée,,,looks like a skunk,,,Small,,
Euphagus cyanocephalus,Passeriformes,brewers blackbird,iichíilakiichiwee,,,one who tells stories among horses,"This is a long crow description for checking app functionality.
Not sure what else to say. <b>Whoa, there, buddy!</b>","Even more to say in English, is a long crow description for checking app functionality.
Not sure what else to say. <b>English!</b>",Small,"[{""file"": ""brewers-blackbird-female.jpg"", ""caption"": ""female""}, {""file"": ""brewers-blackbird-male.jpg"", ""caption"": ""male""}]",
Toxostoma rufum,Passeriformes,brown thrasher,akdichahó,,,one with many calls,,,Small,,
Molothrus ater,Passeriformes,brown-headed cowbird,bishéekiichiwee,baaxíile,,one who tells stories among buffalo; grey one,,,Small-Medium,,
Athene cunicularia,Strigiformes,burrowing owl,chihpíhkaashe,póopahtauuxisshe,,lives with prairie dogs; bobtailed owl,,,Medium,,
Branta canadensis,Anseriformes,canada goose,bíilee,,,,,,Large,,
Perisoreus canadensis,Passeriformes,canada jay,akbishkaaluushé,,camp robber,one who eats pine pitch,,,Medium,,
Poecile atricapillus,Passeriformes,chickadee,iishoopiiliché,chichéexia,,makes his call four times; hard to see (because it fades into its surroundings),,,Tiny,,
Gallus domesticus,Galliformes,chicken,baashchíilisdakaake,,,whiteman’s bird,,,Medium,,
Gallus domesticus,Galliformes,chicken (chick),baashchíilisdakaakdaake,,,whiteman’s bird offspring,,,Tiny,,
Gallus domesticus,Galliformes,chicken (rooster),baashchíilisdakaakbule,"akbaaisshéeletaaxaape, isshéeletaaxaape",,male whiteman’s bird; one whose crown of the head is flat; crown of the head is flat,,,Medium,,
Chaetura pelagica,Apodiformes,chimney swift,iaxpummássaleete,,,lacks first wing feather; need to hear this pronounced > compare with iaxpummikaássaaleete,,,Medium,,
Nucifraga columbiana,Passeriformes,clark's nutcracker,akbishkaaluushisée,,,big one who eats pine pitch,,,Medium,,
Petrochelidon pyrrhonota,Passeriformes,cliff swallow,awakóokaate,iipsáhte,,small brings dirt; forked tail,,,Small,,
Sturnus vulgaris,Passeriformes,common starling,buluhpáakiichiwee,buluhpáakiichiwee,,one who tells stories among plums,,,Small-Medium,,
Accipiter cooperii,Accipitriformes,cooper's hawk,chilaxtaisée,,,big hawk,,,Medium-Large,,
Corvus brachyrhynchos,Passeriformes,crow,áalihte,,,description of their call,,,Medium-Large,,
Anas sp.,Anseriformes,duck,bíaxaake,,,shining rock (duck in general),,,Medium,,
Haliaeetus leucocephalus,Accipitriformes,eagle (1 year old bald),déaxshipite,,,dark eagle,,,Very Large,,
Haliaeetus leucocephalus,Accipitriformes,eagle (1 year old golden),déaxkaashe,,,very bright,,,Very Large,,
Haliaeetus leucocephalus,Accipitriformes,eagle (2 year old golden),déaxe,,,bright,,,Very Large,,
Haliaeetus leucocephalus,Accipitriformes,eagle (eaglet),baachíiliche,,,one that is reared,,,Large,,
Haliaeetus leucocephalus,Accipitriformes,eagle (mature bald),dúuptakoische,,,both ends white (head and tail),,,Very Large,,
Aquila chrysaetos,Accipitriformes,eagle (mature golden),déaxkaashxaalia,xáxxachia,,old very bright; white striped,,,Very Large,,
Haliaeetus leucocephalus,Accipitriformes,eagle (sub-adult golden or 2 year old bald),xáxxe,,,spotted,,,Very Large,,
Tyrannus tyrannus,Passeriformes,eastern kingbird,púupxite,,,? grey,,,Small-Medium,,
Dromaius novaehollandiae,Casuariiformes,emu,dakáakakdaassee,dakáakshiinxalusshe,,flightless bird; running yellow bird,,,Very Large,,
Spinus tristis,Passeriformes,goldfinch,dakáakshiile,,,yellow bird,,,Tiny,,
Dumetella carolinensis,Passeriformes,gray catbird,dakáakbaachilaxche,,,bird cries like baby,,,Medium,,
Ardea herodias,Pelecaniformes,great blue heron,shúahte,ichíipihche,,looks blue; feet take the place of tail,,,Very Large,,
Bubo virginianus,Strigiformes,great horned owl,póopahtataale,póopahtatáahile,,real owl; original owl,,,Large,,
Centrocercus urophasianus,Galliformes,greater sage-grouse,chiichkisée,,sage hen,big prairie chicken,,,Large,,
Buteo sp.,Accipitriformes,hawk,chilaxté,,,wraps its wings,,,Large,,
Eremophila alpestris,Passeriformes,horned lark,baaúuwatshiile aashúawashe,,,meadowlark with horns; possibly spell aashúuwishe,,,Small-Medium,,
Falco tinnunculus,Falconiformes,kestrel,issaxchisée,,,powerful falcon,,,Medium,,
Charadrius vociferus,Charadriiformes,killdeer,chuuwáawile,,,close to water,,,Small-Medium,,
Megaceryle alcyon,Coraciiformes,kingfisher,akbualútche,,,one that catches fish,,,Medium,,
Calamospiza melanocorys,Passeriformes,lark bunting,xuáhchaisaashe,,,skunk blanket,,,Small,,
Numenius americanus,Charadriiformes,long-billed curlew,baaíiwaashe,,,one that uses paint; paint spelled baasshe,,,Large,,
Anas platyrhynchos,Anseriformes,mallard,bíaxaake aashuashuakáate,,,blue head duck; pronounced as three words by HH,,,Medium,,
Ara militaris,Psittaciformes,military macaw,dakáakapisee bimmaahchiikáate,,,green bird with a large beak,,,Large,,
Sialia currucoides,Passeriformes,mountain bluebird,awaxawahéennakaake,,,bird that lives among the mountains,,,Small,,
Zenaida macroura,Columbiformes,mourning dove,baaíipaachke,,,one with a long tail,,,Medium,,
Chordeiles minor,Caprimulgiformes,nighthawk,isshtáappiia,,,flatulating bird,,,Medium,,
Circus hudsonius,Accipitriformes,northern harrier,baaíipuushchia,,,one with white rump tail feathers,,,Large,,
Troglodytes aedon,Passeriformes,northern house wren,chihchaxxíi,chihchaxxiikáate,,one that calls five times; little one that calls five times,,,Tiny,,
Pandion haliaetus,Accipitriformes,osprey,chilaxtawilé,,,water hawk,,,Large,,
Struthio camelus,Struthioniformes,ostrich,dakáakakdaassee,,,flightless bird,,,Very Large,,
Pavo cristatus,Galliformes,peacock,báakakoohuushbaaiipkooteete,,,tail that looks like it comes from above; will need to hear this pronounced,,,Large,,
Pelecanus erythrorhynchos,Pelecaniformes,pelican,akbualuushé,,,one who eats fish,,,Very Large,,
Phasianus colchicus,Galliformes,pheasant,chiichkíiphachkite,,,long tailed prairie chicken,,,Medium-Large,,
Pterocles alchata,Pterocliformes,pin-tailed sandgrouse,chiichkakaáshe,"chiichkatáahile, chiichkatáale",,real prairie chicken; genuine prairie chicken; original prairie chicken; these three entries need to be reviewed and compared.,,,Medium,,
Falco mexicanus,Falconiformes,prairie falcon,issaxché,,,ties its wings,,,Medium,,
Corvus corax,Passeriformes,raven,peelatché,,,piles the dung,,,Large,,
Melanerpes erythrocephalus,Piciformes,red-headed woodpecker,akbannakkoopé,,,one who punches holes in wood,,,Small-Medium,,
Colaptes auratus,Piciformes,red-shafted flicker,usshiité,husshiite,,orange colored (tail),,,Medium-Large,,
Buteo jamaicensis,Accipitriformes,red-tailed hawk,chilaxchíipshiile,,,yellow tail hawk,,,Large,,
Agelaius phoeniceus,Passeriformes,red-winged blackbird,baaxíilooshe,,,red grey one,,,Small,"[{""file"": ""redwinged-blackbird-female.jpg"", ""caption"": ""female""}, {""file"": ""redwinged-blackbird-male.jpg"", ""caption"": ""male""}]",
Aythya americana,Anseriformes,redhead,bíaxaake aashuahisshikáate,,,red head duck; spell consistently with above?,,,Medium,,
Turdus migratorius,Passeriformes,robin,chihchaxxiiisée,iskáache,,big one that calls five times; he laughs,,,Small-Medium,,
Columba livia,Columbiformes,rock pigeon,baaíipaachkisee,,,large dove,,,Medium,,
Buteo lagopus,Accipitriformes,rough-legged hawk,déaxkaashchichee,,,looks like an eagle,,,Large,,
Selasphorus rufus,Apodiformes,rufous hummingbird,suuakáate,,,little thunder,,,Tiny,,
Antigone canadensis,Gruiformes,sandhill crane,apíte,,,straight beak,,,Large,,
Ara macao,Psittaciformes,scarlet macaw,dakáakapisee hisshikáate,,,red bird with large beak,,,Large,,
Larus argentatus,Charadriiformes,seagull,dakáakchia,dakáakshpitxaxxe,,"white bird
 black striped bird",,,Large,,
Accipiter striatus,Accipitriformes,sharp-shinned hawk,baaíipxaxxe,,,one with a striped tail,,,Medium,,
Tympanuchus phasianellus,Galliformes,sharp-tailed grouse,chiichkakaáshe,"chiichkatáahile, chiichkatáale",,real prairie chicken; genuine prairie chicken; original prairie chicken; these three entries need to be reviewed and compared.,,,Medium,,
Plectrophenax nivalis,Passeriformes,snow bunting,ischíkii,"ischíkiikaate, báalaannakaake",,description of their call; small snow bunting; winter bird,,,Small,,
Bubo scandiacus,Strigiformes,snowy owl,póopahtachia,,,white owl,,,Large,,
Falcipennis canadensis,Galliformes,spruce grouse,chiichkíipuluppe,,,prairie chicken that spreads out tail,,,Medium,,
Ciconiidae sp.,Ciconiiformes,stork,akbaakáatdutche,,,one who catches children,,,Very Large,,
Buteo swainsoni,Accipitriformes,swainson's hawk,chilaxtaléaxe,,pale hawk,pale hawk; “winter hawk”,,,Large,,
Cygnus sp.,Anseriformes,swan,bíilaachia,,,white goose,,,Very Large,,
Cathartes aura,Cathartiformes,turkey vulture,axxiaxxiipé,akbaachéeluushe,,"wrinkled forehead;
 one who eats dead things",,,Very Large,,
Anhinga anhinga,Suliformes,water turkey,binnakáake,,,water bird,,,Large,,
Sialia mexicana,Passeriformes,western bluebird,dakáakshuakaate,,,little blue bird,,,Small,,
Sturnella neglecta,Passeriformes,western meadowlark,baaúuwatshiile,,,gold one,,,Small-Medium,,
Megascops kennicottii,Strigiformes,western screech owl,bilíkaashee,,,really screams,,,Small-Medium,,
Aeronautes saxatalis,Apodiformes,white-throated swift,iaxpummássaleete,,,lacks first wing feather; need to hear this pronounced > compare with iaxpummikaássaaleete,,,Medium,,
Grus americana,Gruiformes,whooping crane,apitisée,,,big crane,,,Large,,
Meleagris gallopavo,Galliformes,wild turkey,dakáakiskoochiia,,,enemy bird,,,Large,,
Gallinago delicata,Charadriiformes,wilson’s snipe,baáiia,,,arrowhead,,,Medium,,
Aix sponsa,Anseriformes,wood duck,bíaxaake xáxxe,,,spotted duck,,,Medium,,
Xanthocephalus xanthocephalus,Passeriformes,yellow-headed blackbird,baaxíilshiile,,,yellow grey one,,,Small,,