name_scientific,order,name_en,name_local,alternate_names_local,alternate_names_en,name_meaning_en,description_local,description_en,size,images_json,crow_name_audios_json,map_image,song_audios
Fulica americana,Gruiformes,american coot,bíaxaake ishtahisshikáate,,,red eye duck,,"<p>
<b>Description</b>: A large shrub, up to 15 feet in height. The
branches are thorny. The oval shaped leaves alternate
arranged, 2–4 inches long, dark green, smooth and pale on
the underside. The small flowers with five, white petals and
yelow tipped stamens occur singly or in clusters. Spherical
to oblong fruit is yellow to reddish-purple and 1 inch in
diameter.
</p>
<br>
<p>
<b>Habitat</b>: Thickets, woodlands, mountain slopes; plains, and
valleys.
</p>
<br>
<p>
<b>Uses</b>: Fruit is edible. Branches used for ceremonies. Roots
have been used to make dyes.
</p>",Small-Medium,"[{""file"": ""American Crow.jpg""}]","[{""file"": ""3956_cheetilichitche_big_sage_CGL.mp3""}]",crow-text-map.jpg,
Cinclus mexicanus,Passeriformes,american dipper,akchilakappeelísshe,,,one who picks it up dancing; the gloss we have describes a dancer not a bird,,"<p>
<b>Description</b>: A large shrub, up to 15 feet in height. The
branches are thorny. The oval shaped leaves alternate
arranged, 2–4 inches long, dark green, smooth and pale on
the underside. The small flowers with five, white petals and
yelow tipped stamens occur singly or in clusters. Spherical
to oblong fruit is yellow to reddish-purple and 1 inch in
diameter.
</p>
<br>
<p>
<b>Habitat</b>: Thickets, woodlands, mountain slopes; plains, and
valleys.
</p>
<br>
<p>
<b>Uses</b>: Fruit is edible. Branches used for ceremonies. Roots
have been used to make dyes.
</p>",Medium,"[{""file"": ""rooster.jpg""}]","[{""file"": ""3445_bikkaakaashe_bluegrass_CGL.mp3""}]",turkey_vulture-text-map.jpg,
Icterus galbula,Passeriformes,baltimore oriole,dakáakooshe,,northern oriole (deprecated),red bird,,"<p>
<b>Description</b>: A large shrub, up to 15 feet in height. The
branches are thorny. The oval shaped leaves alternate
arranged, 2–4 inches long, dark green, smooth and pale on
the underside. The small flowers with five, white petals and
yelow tipped stamens occur singly or in clusters. Spherical
to oblong fruit is yellow to reddish-purple and 1 inch in
diameter.
</p>
<br>
<p>
<b>Habitat</b>: Thickets, woodlands, mountain slopes; plains, and
valleys.
</p>
<br>
<p>
<b>Uses</b>: Fruit is edible. Branches used for ceremonies. Roots
have been used to make dyes.
</p>",Small,"[{""file"": ""Turkey_Vulture.jpg""}]","[{""file"": ""2992_balawuuleete_elderberry_RPF.mp3""}]",turkey_vulture-text-map.jpg,
Riparia riparia,Passeriformes,bank swallow,awakóokaate,iipsáhte,,small brings dirt; forked tail,,"<p>
<b>Description</b>: A large shrub, up to 15 feet in height. The
branches are thorny. The oval shaped leaves alternate
arranged, 2–4 inches long, dark green, smooth and pale on
the underside. The small flowers with five, white petals and
yelow tipped stamens occur singly or in clusters. Spherical
to oblong fruit is yellow to reddish-purple and 1 inch in
diameter.
</p>
<br>
<p>
<b>Habitat</b>: Thickets, woodlands, mountain slopes; plains, and
valleys.
</p>
<br>
<p>
<b>Uses</b>: Fruit is edible. Branches used for ceremonies. Roots
have been used to make dyes.
</p>",Tiny,"[{""file"": ""Wood_Stork.jpg""}]","[{""file"": ""29756_cheetishbilishpitbaakaate--pennycress_Entry1_LYM_1754602898769.mp3""}]",turkey_vulture-text-map.jpg,
Hirundo rustica,Passeriformes,barn swallow,awakóo,iipsáhte,,brings dirt; forked tail,,"<p>
<b>Description</b>: A large shrub, up to 15 feet in height. The
branches are thorny. The oval shaped leaves alternate
arranged, 2–4 inches long, dark green, smooth and pale on
the underside. The small flowers with five, white petals and
yelow tipped stamens occur singly or in clusters. Spherical
to oblong fruit is yellow to reddish-purple and 1 inch in
diameter.
</p>
<br>
<p>
<b>Habitat</b>: Thickets, woodlands, mountain slopes; plains, and
valleys.
</p>
<br>
<p>
<b>Uses</b>: Fruit is edible. Branches used for ceremonies. Roots
have been used to make dyes.
</p>",Small,"[{""file"": ""Red-headed_Woodpecker.jpg""}]","[{""file"": ""29868_ichihchishiishipite--purple-coneflower_Entry1_LYM_1754608262149.mp3""}]",woodpecker-text-map.jpg,
Pica hudsonia,Passeriformes,black-billed magpie,íipiakaate,,,slender tail,,"<p>
<b>Description</b>: A large shrub, up to 15 feet in height. The
branches are thorny. The oval shaped leaves alternate
arranged, 2–4 inches long, dark green, smooth and pale on
the underside. The small flowers with five, white petals and
yelow tipped stamens occur singly or in clusters. Spherical
to oblong fruit is yellow to reddish-purple and 1 inch in
diameter.
</p>
<br>
<p>
<b>Habitat</b>: Thickets, woodlands, mountain slopes; plains, and
valleys.
</p>
<br>
<p>
<b>Uses</b>: Fruit is edible. Branches used for ceremonies. Roots
have been used to make dyes.
</p>",Small-Medium,"[{""file"": ""Downy_Woodpecker.jpg""}]","[{""file"": ""3863_bitxua_onion_rileysinger1.mp3""}]",downy_woodpecker-text-map.jpg,
Dolichonyx oryzivorus,Passeriformes,bobolink,xuáhchee chichée,,,looks like a skunk,,"<p>
<b>Description</b>: A large shrub, up to 15 feet in height. The
branches are thorny. The oval shaped leaves alternate
arranged, 2–4 inches long, dark green, smooth and pale on
the underside. The small flowers with five, white petals and
yelow tipped stamens occur singly or in clusters. Spherical
to oblong fruit is yellow to reddish-purple and 1 inch in
diameter.
</p>
<br>
<p>
<b>Habitat</b>: Thickets, woodlands, mountain slopes; plains, and
valleys.
</p>
<br>
<p>
<b>Uses</b>: Fruit is edible. Branches used for ceremonies. Roots
have been used to make dyes.
</p>",Small,"[{""file"": ""Hairy_Woodpecker.jpg""}]","[{""file"": ""3793_bishkaxchiia_dogbush_rileysinger1.mp3""}]",hairy_woodpecker-text-map.jpg,
Euphagus cyanocephalus,Passeriformes,brewers blackbird,iichíilakiichiwee,,,one who tells stories among horses,"This is a long crow description for checking app functionality.
Not sure what else to say. <b>Whoa, there, buddy!</b>","<p>
<b>Description</b>: A large shrub, up to 15 feet in height. The
branches are thorny. The oval shaped leaves alternate
arranged, 2–4 inches long, dark green, smooth and pale on
the underside. The small flowers with five, white petals and
yelow tipped stamens occur singly or in clusters. Spherical
to oblong fruit is yellow to reddish-purple and 1 inch in
diameter.
</p>
<br>
<p>
<b>Habitat</b>: Thickets, woodlands, mountain slopes; plains, and
valleys.
</p>
<br>
<p>
<b>Uses</b>: Fruit is edible. Branches used for ceremonies. Roots
have been used to make dyes.
</p>",Small,"[{""file"": ""Downy_Woodpecker.jpg""}]","[{""file"": ""29857_awachuhke-baaapaale-shiile--prairie-coneflower_Entry1_VCA_1749240700992.mp3""}]",downy_woodpecker-text-map.jpg,
Toxostoma rufum,Passeriformes,brown thrasher,akdichahó,,,one with many calls,,"<p>
<b>Description</b>: A large shrub, up to 15 feet in height. The
branches are thorny. The oval shaped leaves alternate
arranged, 2–4 inches long, dark green, smooth and pale on
the underside. The small flowers with five, white petals and
yelow tipped stamens occur singly or in clusters. Spherical
to oblong fruit is yellow to reddish-purple and 1 inch in
diameter.
</p>
<br>
<p>
<b>Habitat</b>: Thickets, woodlands, mountain slopes; plains, and
valleys.
</p>
<br>
<p>
<b>Uses</b>: Fruit is edible. Branches used for ceremonies. Roots
have been used to make dyes.
</p>",Small,"[{""file"": ""Hairy_Woodpecker.jpg""}]","[{""file"": ""02163_ichihchishiia-chisshiia--american-bistort_Entry1_LYM_1754608181668.mp3""}]",hairy_woodpecker-text-map.jpg,
Molothrus ater,Passeriformes,brown-headed cowbird,bishéekiichiwee,baaxíile,,one who tells stories among buffalo; grey one,,"<p>
<b>Description</b>: A large shrub, up to 15 feet in height. The
branches are thorny. The oval shaped leaves alternate
arranged, 2–4 inches long, dark green, smooth and pale on
the underside. The small flowers with five, white petals and
yelow tipped stamens occur singly or in clusters. Spherical
to oblong fruit is yellow to reddish-purple and 1 inch in
diameter.
</p>
<br>
<p>
<b>Habitat</b>: Thickets, woodlands, mountain slopes; plains, and
valleys.
</p>
<br>
<p>
<b>Uses</b>: Fruit is edible. Branches used for ceremonies. Roots
have been used to make dyes.
</p>",Small-Medium,"[{""file"": ""Canada_Jay.jpg""}]","[{""file"": ""3175_balitche_elm_rileysinger1.mp3""}]",camp_robber-text-map.jpg,
Athene cunicularia,Strigiformes,burrowing owl,chihpíhkaashe,póopahtauuxisshe,,lives with prairie dogs; bobtailed owl,,"<p>
<b>Description</b>: A large shrub, up to 15 feet in height. The
branches are thorny. The oval shaped leaves alternate
arranged, 2–4 inches long, dark green, smooth and pale on
the underside. The small flowers with five, white petals and
yelow tipped stamens occur singly or in clusters. Spherical
to oblong fruit is yellow to reddish-purple and 1 inch in
diameter.
</p>
<br>
<p>
<b>Habitat</b>: Thickets, woodlands, mountain slopes; plains, and
valleys.
</p>
<br>
<p>
<b>Uses</b>: Fruit is edible. Branches used for ceremonies. Roots
have been used to make dyes.
</p>",Medium,"[{""file"": ""Clarks_Nutcracker.jpg""}]","[{""file"": ""3900_buluhpe_plums_roannehill1.mp3""}]",clarks_nutcracker-text-map.jpg,
Branta canadensis,Anseriformes,canada goose,bíilee,,,,,"<p>
<b>Description</b>: A large shrub, up to 15 feet in height. The
branches are thorny. The oval shaped leaves alternate
arranged, 2–4 inches long, dark green, smooth and pale on
the underside. The small flowers with five, white petals and
yelow tipped stamens occur singly or in clusters. Spherical
to oblong fruit is yellow to reddish-purple and 1 inch in
diameter.
</p>
<br>
<p>
<b>Habitat</b>: Thickets, woodlands, mountain slopes; plains, and
valleys.
</p>
<br>
<p>
<b>Uses</b>: Fruit is edible. Branches used for ceremonies. Roots
have been used to make dyes.
</p>",Large,"[{""file"": ""Belted_Kingfisher.jpg""}]","[{""file"": ""76526_datchuawaaluushe--calamus_AudioFemaleCitation_RH_1627841348520.mp3""}]",kingfisher-text-map.jpg,
Perisoreus canadensis,Passeriformes,canada jay,akbishkaaluushé,,camp robber,one who eats pine pitch,,"<p>
<b>Description</b>: A large shrub, up to 15 feet in height. The
branches are thorny. The oval shaped leaves alternate
arranged, 2–4 inches long, dark green, smooth and pale on
the underside. The small flowers with five, white petals and
yelow tipped stamens occur singly or in clusters. Spherical
to oblong fruit is yellow to reddish-purple and 1 inch in
diameter.
</p>
<br>
<p>
<b>Habitat</b>: Thickets, woodlands, mountain slopes; plains, and
valleys.
</p>
<br>
<p>
<b>Uses</b>: Fruit is edible. Branches used for ceremonies. Roots
have been used to make dyes.
</p>",Medium,"[{""file"": ""Pelican.jpg""}]","[{""file"": ""28734_bimmuummaaapaalikshe--arrowhead_Entry1_LYM_1754598397396.mp3""}]","pelican-text-map.jpg",
Poecile atricapillus,Passeriformes,chickadee,iishoopiiliché,chichéexia,,makes his call four times; hard to see (because it fades into its surroundings),,"<p>
<b>Description</b>: A large shrub, up to 15 feet in height. The
branches are thorny. The oval shaped leaves alternate
arranged, 2–4 inches long, dark green, smooth and pale on
the underside. The small flowers with five, white petals and
yelow tipped stamens occur singly or in clusters. Spherical
to oblong fruit is yellow to reddish-purple and 1 inch in
diameter.
</p>
<br>
<p>
<b>Habitat</b>: Thickets, woodlands, mountain slopes; plains, and
valleys.
</p>
<br>
<p>
<b>Uses</b>: Fruit is edible. Branches used for ceremonies. Roots
have been used to make dyes.
</p>",Tiny,"[{""file"": ""Dipper.jpg""}]","[{""file"": ""02364_akalashkua-shiile--arrowleaf-balsamroot_Entry1_VCA_1749233092267.mp3""}]","dipper-text-map.jpg",
Gallus domesticus,Galliformes,chicken,baashchíilisdakaake,,,whiteman’s bird,,"<p>
<b>Description</b>: A large shrub, up to 15 feet in height. The
branches are thorny. The oval shaped leaves alternate
arranged, 2–4 inches long, dark green, smooth and pale on
the underside. The small flowers with five, white petals and
yelow tipped stamens occur singly or in clusters. Spherical
to oblong fruit is yellow to reddish-purple and 1 inch in
diameter.
</p>
<br>
<p>
<b>Habitat</b>: Thickets, woodlands, mountain slopes; plains, and
valleys.
</p>
<br>
<p>
<b>Uses</b>: Fruit is edible. Branches used for ceremonies. Roots
have been used to make dyes.
</p>",Medium,"[{""file"": ""Thrasher.jpg""}]","[{""file"": ""3445_bikkaakaashe_bluegrass_CGL.mp3""}]",brown_thrasher-text-map.jpg,
Gallus domesticus,Galliformes,chicken (chick),baashchíilisdakaakdaake,,,whiteman’s bird offspring,,"<p>
<b>Description</b>: A large shrub, up to 15 feet in height. The
branches are thorny. The oval shaped leaves alternate
arranged, 2–4 inches long, dark green, smooth and pale on
the underside. The small flowers with five, white petals and
yelow tipped stamens occur singly or in clusters. Spherical
to oblong fruit is yellow to reddish-purple and 1 inch in
diameter.
</p>
<br>
<p>
<b>Habitat</b>: Thickets, woodlands, mountain slopes; plains, and
valleys.
</p>
<br>
<p>
<b>Uses</b>: Fruit is edible. Branches used for ceremonies. Roots
have been used to make dyes.
</p>",Tiny,"[{""file"": ""Sandhill_Crane.jpg""}]","[{""file"": ""3445_bikkaakaashe_bluegrass_CGL.mp3""}]","
sandhill_crane-text-map.jpg",
Gallus domesticus,Galliformes,chicken (rooster),baashchíilisdakaakbule,"akbaaisshéeletaaxaape, isshéeletaaxaape",,male whiteman’s bird; one whose crown of the head is flat; crown of the head is flat,,"<p>
<b>Description</b>: A large shrub, up to 15 feet in height. The
branches are thorny. The oval shaped leaves alternate
arranged, 2–4 inches long, dark green, smooth and pale on
the underside. The small flowers with five, white petals and
yelow tipped stamens occur singly or in clusters. Spherical
to oblong fruit is yellow to reddish-purple and 1 inch in
diameter.
</p>
<br>
<p>
<b>Habitat</b>: Thickets, woodlands, mountain slopes; plains, and
valleys.
</p>
<br>
<p>
<b>Uses</b>: Fruit is edible. Branches used for ceremonies. Roots
have been used to make dyes.
</p>",Medium,"[{""file"": ""Whooping_Crane.jpg""}]","[{""file"": ""70880_baaichihchishiishipite--red-baneberry_AudioMaleCitation_LYM_1628271877461.mp3""}]","whooping_crane-text-map.jpg",
Chaetura pelagica,Apodiformes,chimney swift,iaxpummássaleete,,,lacks first wing feather; need to hear this pronounced > compare with iaxpummikaássaaleete,,"<p>
<b>Description</b>: A large shrub, up to 15 feet in height. The
branches are thorny. The oval shaped leaves alternate
arranged, 2–4 inches long, dark green, smooth and pale on
the underside. The small flowers with five, white petals and
yelow tipped stamens occur singly or in clusters. Spherical
to oblong fruit is yellow to reddish-purple and 1 inch in
diameter.
</p>
<br>
<p>
<b>Habitat</b>: Thickets, woodlands, mountain slopes; plains, and
valleys.
</p>
<br>
<p>
<b>Uses</b>: Fruit is edible. Branches used for ceremonies. Roots
have been used to make dyes.
</p>",Medium,"[{""file"": ""Barn_Swallow.jpg""}]","[{""file"": ""3931_buxpaalichikua_baneberry_rileysinger1.mp3""}]","barn_swallow-text-map.jpg",
Nucifraga columbiana,Passeriformes,clark's nutcracker,akbishkaaluushisée,,,big one who eats pine pitch,,"<p>
<b>Description</b>: A large shrub, up to 15 feet in height. The
branches are thorny. The oval shaped leaves alternate
arranged, 2–4 inches long, dark green, smooth and pale on
the underside. The small flowers with five, white petals and
yelow tipped stamens occur singly or in clusters. Spherical
to oblong fruit is yellow to reddish-purple and 1 inch in
diameter.
</p>
<br>
<p>
<b>Habitat</b>: Thickets, woodlands, mountain slopes; plains, and
valleys.
</p>
<br>
<p>
<b>Uses</b>: Fruit is edible. Branches used for ceremonies. Roots
have been used to make dyes.
</p>",Medium,"[{""file"": ""Bank_Swallow.jpg""}]","[{""file"": ""6383_b_iisee_bearroot_CGL.mp3""}]","bank_swallow-text-map.jpg",
Petrochelidon pyrrhonota,Passeriformes,cliff swallow,awakóokaate,iipsáhte,,small brings dirt; forked tail,,"<p>
<b>Description</b>: A large shrub, up to 15 feet in height. The
branches are thorny. The oval shaped leaves alternate
arranged, 2–4 inches long, dark green, smooth and pale on
the underside. The small flowers with five, white petals and
yelow tipped stamens occur singly or in clusters. Spherical
to oblong fruit is yellow to reddish-purple and 1 inch in
diameter.
</p>
<br>
<p>
<b>Habitat</b>: Thickets, woodlands, mountain slopes; plains, and
valleys.
</p>
<br>
<p>
<b>Uses</b>: Fruit is edible. Branches used for ceremonies. Roots
have been used to make dyes.
</p>",Small,"[{""file"": ""Cliff_Swallow.jpg""}]","[{""file"": ""70894_baaisaasishipite--biscuitroot_AudioMaleCitation_LYM_1628272342255.mp3""}]","cliff_swallow-text-map.jpg",
Sturnus vulgaris,Passeriformes,common starling,buluhpáakiichiwee,buluhpáakiichiwee,,one who tells stories among plums,,"<p>
<b>Description</b>: A large shrub, up to 15 feet in height. The
branches are thorny. The oval shaped leaves alternate
arranged, 2–4 inches long, dark green, smooth and pale on
the underside. The small flowers with five, white petals and
yelow tipped stamens occur singly or in clusters. Spherical
to oblong fruit is yellow to reddish-purple and 1 inch in
diameter.
</p>
<br>
<p>
<b>Habitat</b>: Thickets, woodlands, mountain slopes; plains, and
valleys.
</p>
<br>
<p>
<b>Uses</b>: Fruit is edible. Branches used for ceremonies. Roots
have been used to make dyes.
</p>",Small-Medium,"[{""file"": ""Canada_Jay.jpg""}]","[{""file"": ""2222_baaisaaxaawe_bitterroot_RPF.mp3""}]",mountain_bluebird-text-map.jpg,
Accipiter cooperii,Accipitriformes,cooper's hawk,chilaxtaisée,,,big hawk,,"<p>
<b>Description</b>: A large shrub, up to 15 feet in height. The
branches are thorny. The oval shaped leaves alternate
arranged, 2–4 inches long, dark green, smooth and pale on
the underside. The small flowers with five, white petals and
yelow tipped stamens occur singly or in clusters. Spherical
to oblong fruit is yellow to reddish-purple and 1 inch in
diameter.
</p>
<br>
<p>
<b>Habitat</b>: Thickets, woodlands, mountain slopes; plains, and
valleys.
</p>
<br>
<p>
<b>Uses</b>: Fruit is edible. Branches used for ceremonies. Roots
have been used to make dyes.
</p>",Medium-Large,"[{""file"": ""Canada_Jay.jpg""}]","[{""file"": ""16272_baachuua-peele--black-knot_Entry1_VCA_1750440708239.mp3""}]",camp_robber-text-map.jpg,
Corvus brachyrhynchos,Passeriformes,crow,áalihte,,,description of their call,,"<p>
<b>Description</b>: A large shrub, up to 15 feet in height. The
branches are thorny. The oval shaped leaves alternate
arranged, 2–4 inches long, dark green, smooth and pale on
the underside. The small flowers with five, white petals and
yelow tipped stamens occur singly or in clusters. Spherical
to oblong fruit is yellow to reddish-purple and 1 inch in
diameter.
</p>
<br>
<p>
<b>Habitat</b>: Thickets, woodlands, mountain slopes; plains, and
valleys.
</p>
<br>
<p>
<b>Uses</b>: Fruit is edible. Branches used for ceremonies. Roots
have been used to make dyes.
</p>",Medium-Large,"[{""file"": ""Snipe.jpg""}]","[{""file"": ""66261_bishiihchiia--black-tree-lichen_AudioFemaleCitation_RH_1627751176750.mp3""}]","snipe-text-map.jpg",
Anas sp.,Anseriformes,duck,bíaxaake,,,shining rock (duck in general),,"<p>
<b>Description</b>: A large shrub, up to 15 feet in height. The
branches are thorny. The oval shaped leaves alternate
arranged, 2–4 inches long, dark green, smooth and pale on
the underside. The small flowers with five, white petals and
yelow tipped stamens occur singly or in clusters. Spherical
to oblong fruit is yellow to reddish-purple and 1 inch in
diameter.
</p>
<br>
<p>
<b>Habitat</b>: Thickets, woodlands, mountain slopes; plains, and
valleys.
</p>
<br>
<p>
<b>Uses</b>: Fruit is edible. Branches used for ceremonies. Roots
have been used to make dyes.
</p>",Medium,"[{""file"": ""Mourning_Dove.jpg""}]","[{""file"": ""96853_iiwaalaashuukuluxachkisshe--blue-flag-iris_AudioFemaleCitation_RH_1627509574651.mp3""}]",mourning_dove-text-map.jpg,
Haliaeetus leucocephalus,Accipitriformes,eagle (1 year old bald),déaxshipite,,,dark eagle,,"<p>
<b>Description</b>: A large shrub, up to 15 feet in height. The
branches are thorny. The oval shaped leaves alternate
arranged, 2–4 inches long, dark green, smooth and pale on
the underside. The small flowers with five, white petals and
yelow tipped stamens occur singly or in clusters. Spherical
to oblong fruit is yellow to reddish-purple and 1 inch in
diameter.
</p>
<br>
<p>
<b>Habitat</b>: Thickets, woodlands, mountain slopes; plains, and
valleys.
</p>
<br>
<p>
<b>Uses</b>: Fruit is edible. Branches used for ceremonies. Roots
have been used to make dyes.
</p>",Very Large,"[{""file"": ""Pigeon.jpg""}]","[{""file"": ""2192_baailichitche_spruce_rileysinger1.mp4""}]",pigeon-text-map.jpg,
Haliaeetus leucocephalus,Accipitriformes,eagle (1 year old golden),déaxkaashe,,,very bright,,"<p>
<b>Description</b>: A large shrub, up to 15 feet in height. The
branches are thorny. The oval shaped leaves alternate
arranged, 2–4 inches long, dark green, smooth and pale on
the underside. The small flowers with five, white petals and
yelow tipped stamens occur singly or in clusters. Spherical
to oblong fruit is yellow to reddish-purple and 1 inch in
diameter.
</p>
<br>
<p>
<b>Habitat</b>: Thickets, woodlands, mountain slopes; plains, and
valleys.
</p>
<br>
<p>
<b>Uses</b>: Fruit is edible. Branches used for ceremonies. Roots
have been used to make dyes.
</p>",Very Large,"[{""file"": ""Harrier_Hawk.jpg""}]","[{""file"": ""3812_bishpe_boxelder_rileysinger1.mp3""}]",northern_harrier_hawk-text-map.jpg,
Haliaeetus leucocephalus,Accipitriformes,eagle (2 year old golden),déaxe,,,bright,,"<p>
<b>Description</b>: A large shrub, up to 15 feet in height. The
branches are thorny. The oval shaped leaves alternate
arranged, 2–4 inches long, dark green, smooth and pale on
the underside. The small flowers with five, white petals and
yelow tipped stamens occur singly or in clusters. Spherical
to oblong fruit is yellow to reddish-purple and 1 inch in
diameter.
</p>
<br>
<p>
<b>Habitat</b>: Thickets, woodlands, mountain slopes; plains, and
valleys.
</p>
<br>
<p>
<b>Uses</b>: Fruit is edible. Branches used for ceremonies. Roots
have been used to make dyes.
</p>",Very Large,"[{""file"": ""Sharp-skinned Hawk.jpg""}]","[{""file"": ""5838_ihe_turnip_rileysinger1.mp4""}]",sharp_skinned_hawk-text-map.jpg,
Haliaeetus leucocephalus,Accipitriformes,eagle (eaglet),baachíiliche,,,one that is reared,,"<p>
<b>Description</b>: A large shrub, up to 15 feet in height. The
branches are thorny. The oval shaped leaves alternate
arranged, 2–4 inches long, dark green, smooth and pale on
the underside. The small flowers with five, white petals and
yelow tipped stamens occur singly or in clusters. Spherical
to oblong fruit is yellow to reddish-purple and 1 inch in
diameter.
</p>
<br>
<p>
<b>Habitat</b>: Thickets, woodlands, mountain slopes; plains, and
valleys.
</p>
<br>
<p>
<b>Uses</b>: Fruit is edible. Branches used for ceremonies. Roots
have been used to make dyes.
</p>",Large,"[{""file"": ""Curlew.jpg""}]","[{""file"": ""3708_bimmaapee_cattail_reed_rileysinger1.mp3""}]",curlew-text-map.jpg,
Haliaeetus leucocephalus,Accipitriformes,eagle (mature bald),dúuptakoische,,,both ends white (head and tail),,"<p>
<b>Description</b>: A large shrub, up to 15 feet in height. The
branches are thorny. The oval shaped leaves alternate
arranged, 2–4 inches long, dark green, smooth and pale on
the underside. The small flowers with five, white petals and
yelow tipped stamens occur singly or in clusters. Spherical
to oblong fruit is yellow to reddish-purple and 1 inch in
diameter.
</p>
<br>
<p>
<b>Habitat</b>: Thickets, woodlands, mountain slopes; plains, and
valleys.
</p>
<br>
<p>
<b>Uses</b>: Fruit is edible. Branches used for ceremonies. Roots
have been used to make dyes.
</p>",Very Large,"[{""file"": ""Peafowl.jpg""}]","[{""file"": ""29778_bikkee-ishia--peppergrass_Entry1_LYM_1753470282137.mp3""}]",turkey_vulture-text-map.jpg,
Aquila chrysaetos,Accipitriformes,eagle (mature golden),déaxkaashxaalia,xáxxachia,,old very bright; white striped,,"<p>
<b>Description</b>: A large shrub, up to 15 feet in height. The
branches are thorny. The oval shaped leaves alternate
arranged, 2–4 inches long, dark green, smooth and pale on
the underside. The small flowers with five, white petals and
yelow tipped stamens occur singly or in clusters. Spherical
to oblong fruit is yellow to reddish-purple and 1 inch in
diameter.
</p>
<br>
<p>
<b>Habitat</b>: Thickets, woodlands, mountain slopes; plains, and
valleys.
</p>
<br>
<p>
<b>Uses</b>: Fruit is edible. Branches used for ceremonies. Roots
have been used to make dyes.
</p>",Very Large,"[{""file"": ""Snow_Bunting.jpg""}]","[{""file"": ""3770_bisheewaaluushissee_snakeweed_rileysinger2.mp3""}]","snow_bunting-text-map.jpg",
Haliaeetus leucocephalus,Accipitriformes,eagle (sub-adult golden or 2 year old bald),xáxxe,,,spotted,,"<p>
<b>Description</b>: A large shrub, up to 15 feet in height. The
branches are thorny. The oval shaped leaves alternate
arranged, 2–4 inches long, dark green, smooth and pale on
the underside. The small flowers with five, white petals and
yelow tipped stamens occur singly or in clusters. Spherical
to oblong fruit is yellow to reddish-purple and 1 inch in
diameter.
</p>
<br>
<p>
<b>Habitat</b>: Thickets, woodlands, mountain slopes; plains, and
valleys.
</p>
<br>
<p>
<b>Uses</b>: Fruit is edible. Branches used for ceremonies. Roots
have been used to make dyes.
</p>",Very Large,"[{""file"": ""rooster.jpg""}]","[{""file"": ""2368_baalashiisshee_buffalo_berry_rileysinger1.mp3""}]",turkey_vulture-text-map.jpg,
Tyrannus tyrannus,Passeriformes,eastern kingbird,púupxite,,,? grey,,"<p>
<b>Description</b>: A large shrub, up to 15 feet in height. The
branches are thorny. The oval shaped leaves alternate
arranged, 2–4 inches long, dark green, smooth and pale on
the underside. The small flowers with five, white petals and
yelow tipped stamens occur singly or in clusters. Spherical
to oblong fruit is yellow to reddish-purple and 1 inch in
diameter.
</p>
<br>
<p>
<b>Habitat</b>: Thickets, woodlands, mountain slopes; plains, and
valleys.
</p>
<br>
<p>
<b>Uses</b>: Fruit is edible. Branches used for ceremonies. Roots
have been used to make dyes.
</p>",Small-Medium,"[{""file"": ""Chicken.jpg""}]","[{""file"": ""16342_puppua--buffalo-grass_AudioMaleCitation_HH_1627936348629.mp3""}]",turkey_vulture-text-map.jpg,
Dromaius novaehollandiae,Casuariiformes,emu,dakáakakdaassee,dakáakshiinxalusshe,,flightless bird; running yellow bird,,"<p>
<b>Description</b>: A large shrub, up to 15 feet in height. The
branches are thorny. The oval shaped leaves alternate
arranged, 2–4 inches long, dark green, smooth and pale on
the underside. The small flowers with five, white petals and
yelow tipped stamens occur singly or in clusters. Spherical
to oblong fruit is yellow to reddish-purple and 1 inch in
diameter.
</p>
<br>
<p>
<b>Habitat</b>: Thickets, woodlands, mountain slopes; plains, and
valleys.
</p>
<br>
<p>
<b>Uses</b>: Fruit is edible. Branches used for ceremonies. Roots
have been used to make dyes.
</p>",Very Large,"[{""file"": ""Meadowlark.jpg""}]","[{""file"": ""01044_baaxxe--burdock_Entry1_LYM_1753468171789.mp3""}]",meadowlark-text-map.jpg,
Spinus tristis,Passeriformes,goldfinch,dakáakshiile,,,yellow bird,,"<p>
<b>Description</b>: A large shrub, up to 15 feet in height. The
branches are thorny. The oval shaped leaves alternate
arranged, 2–4 inches long, dark green, smooth and pale on
the underside. The small flowers with five, white petals and
yelow tipped stamens occur singly or in clusters. Spherical
to oblong fruit is yellow to reddish-purple and 1 inch in
diameter.
</p>
<br>
<p>
<b>Habitat</b>: Thickets, woodlands, mountain slopes; plains, and
valleys.
</p>
<br>
<p>
<b>Uses</b>: Fruit is edible. Branches used for ceremonies. Roots
have been used to make dyes.
</p>",Tiny,"[{""file"": ""Horned_Lark.jpg""}]","[{""file"": ""03168_bashipite-uhpe-baaluusuua--camas_Entry1_VCA_1750439441674.mp3""}]",horned_lark-text-map.jpg,
Dumetella carolinensis,Passeriformes,gray catbird,dakáakbaachilaxche,,,bird cries like baby,,"<p>
<b>Description</b>: A large shrub, up to 15 feet in height. The
branches are thorny. The oval shaped leaves alternate
arranged, 2–4 inches long, dark green, smooth and pale on
the underside. The small flowers with five, white petals and
yelow tipped stamens occur singly or in clusters. Spherical
to oblong fruit is yellow to reddish-purple and 1 inch in
diameter.
</p>
<br>
<p>
<b>Habitat</b>: Thickets, woodlands, mountain slopes; plains, and
valleys.
</p>
<br>
<p>
<b>Uses</b>: Fruit is edible. Branches used for ceremonies. Roots
have been used to make dyes.
</p>",Medium,"[{""file"": ""Brewers_Blackbird.jpg""}]","[{""file"": ""67060_bitxuaisaate--camas_AudioMaleCitation_HH_1627751541203.mp3""}]",brewers_blackbird-text-map.jpg,
Ardea herodias,Pelecaniformes,great blue heron,shúahte,ichíipihche,,looks blue; feet take the place of tail,,"<p>
<b>Description</b>: A large shrub, up to 15 feet in height. The
branches are thorny. The oval shaped leaves alternate
arranged, 2–4 inches long, dark green, smooth and pale on
the underside. The small flowers with five, white petals and
yelow tipped stamens occur singly or in clusters. Spherical
to oblong fruit is yellow to reddish-purple and 1 inch in
diameter.
</p>
<br>
<p>
<b>Habitat</b>: Thickets, woodlands, mountain slopes; plains, and
valleys.
</p>
<br>
<p>
<b>Uses</b>: Fruit is edible. Branches used for ceremonies. Roots
have been used to make dyes.
</p>",Very Large,"[{""file"": ""Brown-Headed_Cowbird.jpg""}]","[{""file"": ""3353_bicheechihte_gooseberry_halfbreed_RPF.mp3""}]",cowbird-text-map.jpg,
Bubo virginianus,Strigiformes,great horned owl,póopahtataale,póopahtatáahile,,real owl; original owl,,"<p>
<b>Description</b>: A large shrub, up to 15 feet in height. The
branches are thorny. The oval shaped leaves alternate
arranged, 2–4 inches long, dark green, smooth and pale on
the underside. The small flowers with five, white petals and
yelow tipped stamens occur singly or in clusters. Spherical
to oblong fruit is yellow to reddish-purple and 1 inch in
diameter.
</p>
<br>
<p>
<b>Habitat</b>: Thickets, woodlands, mountain slopes; plains, and
valleys.
</p>
<br>
<p>
<b>Uses</b>: Fruit is edible. Branches used for ceremonies. Roots
have been used to make dyes.
</p>",Large,"[{""file"": ""Red-winged_Blackbird.jpg""}]","[{""file"": ""3461_bikkaashusshuhkate_wild_rye_canadian_hubert_two_leggins.mp3""}]",redwinged_blackbird-text-map.jpg,
Centrocercus urophasianus,Galliformes,greater sage-grouse,chiichkisée,,sage hen,big prairie chicken,,"<p>
<b>Description</b>: A large shrub, up to 15 feet in height. The
branches are thorny. The oval shaped leaves alternate
arranged, 2–4 inches long, dark green, smooth and pale on
the underside. The small flowers with five, white petals and
yelow tipped stamens occur singly or in clusters. Spherical
to oblong fruit is yellow to reddish-purple and 1 inch in
diameter.
</p>
<br>
<p>
<b>Habitat</b>: Thickets, woodlands, mountain slopes; plains, and
valleys.
</p>
<br>
<p>
<b>Uses</b>: Fruit is edible. Branches used for ceremonies. Roots
have been used to make dyes.
</p>",Large,"[{""file"": ""Yellow-headed_Blackbird.jpg""}]","[{""file"": ""3445_bikkaakaashe_bluegrass_CGL.mp3""}]",yellow_headed_blackbird-text-map.jpg,
Buteo sp.,Accipitriformes,hawk,chilaxté,,,wraps its wings,,"<p>
<b>Description</b>: A large shrub, up to 15 feet in height. The
branches are thorny. The oval shaped leaves alternate
arranged, 2–4 inches long, dark green, smooth and pale on
the underside. The small flowers with five, white petals and
yelow tipped stamens occur singly or in clusters. Spherical
to oblong fruit is yellow to reddish-purple and 1 inch in
diameter.
</p>
<br>
<p>
<b>Habitat</b>: Thickets, woodlands, mountain slopes; plains, and
valleys.
</p>
<br>
<p>
<b>Uses</b>: Fruit is edible. Branches used for ceremonies. Roots
have been used to make dyes.
</p>",Large,"[{""file"": ""Redhead.jpg""}]","[{""file"": ""3695_bilittishe_iia_Canadian_thistle__CGL.mp3""}]",redhead_duck-text-map.jpg,
Eremophila alpestris,Passeriformes,horned lark,baaúuwatshiile aashúawashe,,,meadowlark with horns; possibly spell aashúuwishe,,"<p>
<b>Description</b>: A large shrub, up to 15 feet in height. The
branches are thorny. The oval shaped leaves alternate
arranged, 2–4 inches long, dark green, smooth and pale on
the underside. The small flowers with five, white petals and
yelow tipped stamens occur singly or in clusters. Spherical
to oblong fruit is yellow to reddish-purple and 1 inch in
diameter.
</p>
<br>
<p>
<b>Habitat</b>: Thickets, woodlands, mountain slopes; plains, and
valleys.
</p>
<br>
<p>
<b>Uses</b>: Fruit is edible. Branches used for ceremonies. Roots
have been used to make dyes.
</p>",Small-Medium,"[{""file"": ""Mallard.jpg""}]","[{""file"": ""30183_baapassache--Canadian-thistle_Entry1_LYM_1753466529914.mp3""}]",mallard_duck-text-map.jpg,
Falco tinnunculus,Falconiformes,kestrel,issaxchisée,,,powerful falcon,,"<p>
<b>Description</b>: A large shrub, up to 15 feet in height. The
branches are thorny. The oval shaped leaves alternate
arranged, 2–4 inches long, dark green, smooth and pale on
the underside. The small flowers with five, white petals and
yelow tipped stamens occur singly or in clusters. Spherical
to oblong fruit is yellow to reddish-purple and 1 inch in
diameter.
</p>
<br>
<p>
<b>Habitat</b>: Thickets, woodlands, mountain slopes; plains, and
valleys.
</p>
<br>
<p>
<b>Uses</b>: Fruit is edible. Branches used for ceremonies. Roots
have been used to make dyes.
</p>",Medium,"[{""file"": ""Coot.jpg""}]","[{""file"": ""1358_apupoope_licorice_root_RileySinger.mp3""}]",american_coot-text-map.jpg,
Charadrius vociferus,Charadriiformes,killdeer,chuuwáawile,,,close to water,,"<p>
<b>Description</b>: A large shrub, up to 15 feet in height. The
branches are thorny. The oval shaped leaves alternate
arranged, 2–4 inches long, dark green, smooth and pale on
the underside. The small flowers with five, white petals and
yelow tipped stamens occur singly or in clusters. Spherical
to oblong fruit is yellow to reddish-purple and 1 inch in
diameter.
</p>
<br>
<p>
<b>Habitat</b>: Thickets, woodlands, mountain slopes; plains, and
valleys.
</p>
<br>
<p>
<b>Uses</b>: Fruit is edible. Branches used for ceremonies. Roots
have been used to make dyes.
</p>",Small-Medium,"[{""file"": ""Wood_Duck.jpg""}]","[{""file"": ""8630_xapaalilitshia_root_type_of_brianprettyeagle1.mp3""}]",wood_duck-text-map.jpg,
Megaceryle alcyon,Coraciiformes,kingfisher,akbualútche,,,one that catches fish,,"<p>
<b>Description</b>: A large shrub, up to 15 feet in height. The
branches are thorny. The oval shaped leaves alternate
arranged, 2–4 inches long, dark green, smooth and pale on
the underside. The small flowers with five, white petals and
yelow tipped stamens occur singly or in clusters. Spherical
to oblong fruit is yellow to reddish-purple and 1 inch in
diameter.
</p>
<br>
<p>
<b>Habitat</b>: Thickets, woodlands, mountain slopes; plains, and
valleys.
</p>
<br>
<p>
<b>Uses</b>: Fruit is edible. Branches used for ceremonies. Roots
have been used to make dyes.
</p>",Medium,"[{""file"": ""Swan.jpg""}]","[{""file"": ""2770_baaxoose_cattail_spike_grantbulltail.mp3""}]",turkey_vulture-text-map.jpg,
Calamospiza melanocorys,Passeriformes,lark bunting,xuáhchaisaashe,,,skunk blanket,,"<p>
<b>Description</b>: A large shrub, up to 15 feet in height. The
branches are thorny. The oval shaped leaves alternate
arranged, 2–4 inches long, dark green, smooth and pale on
the underside. The small flowers with five, white petals and
yelow tipped stamens occur singly or in clusters. Spherical
to oblong fruit is yellow to reddish-purple and 1 inch in
diameter.
</p>
<br>
<p>
<b>Habitat</b>: Thickets, woodlands, mountain slopes; plains, and
valleys.
</p>
<br>
<p>
<b>Uses</b>: Fruit is edible. Branches used for ceremonies. Roots
have been used to make dyes.
</p>",Small,"[{""file"": ""Goose.jpg""}]","[{""file"": ""1997_baachuutaahile_chokecherry_RileySinger.mp3""}]",goose-text-map.jpg,
Numenius americanus,Charadriiformes,long-billed curlew,baaíiwaashe,,,one that uses paint; paint spelled baasshe,,"<p>
<b>Description</b>: A large shrub, up to 15 feet in height. The
branches are thorny. The oval shaped leaves alternate
arranged, 2–4 inches long, dark green, smooth and pale on
the underside. The small flowers with five, white petals and
yelow tipped stamens occur singly or in clusters. Spherical
to oblong fruit is yellow to reddish-purple and 1 inch in
diameter.
</p>
<br>
<p>
<b>Habitat</b>: Thickets, woodlands, mountain slopes; plains, and
valleys.
</p>
<br>
<p>
<b>Uses</b>: Fruit is edible. Branches used for ceremonies. Roots
have been used to make dyes.
</p>",Large,"[{""file"": ""Screech_Owl.jpg""}]","[{""file"": ""28968_baachuutaale--chokecherry_Entry1_VCA_1750440896189.mp3""}]","screech_owl-text-map.jpg",
Anas platyrhynchos,Anseriformes,mallard,bíaxaake aashuashuakáate,,,blue head duck; pronounced as three words by HH,,"<p>
<b>Description</b>: A large shrub, up to 15 feet in height. The
branches are thorny. The oval shaped leaves alternate
arranged, 2–4 inches long, dark green, smooth and pale on
the underside. The small flowers with five, white petals and
yelow tipped stamens occur singly or in clusters. Spherical
to oblong fruit is yellow to reddish-purple and 1 inch in
diameter.
</p>
<br>
<p>
<b>Habitat</b>: Thickets, woodlands, mountain slopes; plains, and
valleys.
</p>
<br>
<p>
<b>Uses</b>: Fruit is edible. Branches used for ceremonies. Roots
have been used to make dyes.
</p>",Medium,"[{""file"": ""Water_Turkey.jpg""}]","[{""file"": ""02980_balapuua-_chokecherry-bush_MaleCitation_JRB_2.mp3""}]",turkey_vulture-text-map.jpg,
Ara militaris,Psittaciformes,military macaw,dakáakapisee bimmaahchiikáate,,,green bird with a large beak,,"<p>
<b>Description</b>: A large shrub, up to 15 feet in height. The
branches are thorny. The oval shaped leaves alternate
arranged, 2–4 inches long, dark green, smooth and pale on
the underside. The small flowers with five, white petals and
yelow tipped stamens occur singly or in clusters. Spherical
to oblong fruit is yellow to reddish-purple and 1 inch in
diameter.
</p>
<br>
<p>
<b>Habitat</b>: Thickets, woodlands, mountain slopes; plains, and
valleys.
</p>
<br>
<p>
<b>Uses</b>: Fruit is edible. Branches used for ceremonies. Roots
have been used to make dyes.
</p>",Large,"[{""file"": ""Brown-Headed_Cowbird.jpg""}]","[{""file"": ""90180_iichiile-uuwuussiio--meadow-rue_AudioFemaleCitation_RH_1627934891692.mp3""}]",cowbird-text-map.jpg,
Sialia currucoides,Passeriformes,mountain bluebird,awaxawahéennakaake,,,bird that lives among the mountains,,"<p>
<b>Description</b>: A large shrub, up to 15 feet in height. The
branches are thorny. The oval shaped leaves alternate
arranged, 2–4 inches long, dark green, smooth and pale on
the underside. The small flowers with five, white petals and
yelow tipped stamens occur singly or in clusters. Spherical
to oblong fruit is yellow to reddish-purple and 1 inch in
diameter.
</p>
<br>
<p>
<b>Habitat</b>: Thickets, woodlands, mountain slopes; plains, and
valleys.
</p>
<br>
<p>
<b>Uses</b>: Fruit is edible. Branches used for ceremonies. Roots
have been used to make dyes.
</p>",Small,"[{""file"": ""Starling.jpg""}]","[{""file"": ""7468_kapiliashte_blueberry_wild_grantbulltail.mp3""}]","starling-text-map.jpg",
Zenaida macroura,Columbiformes,mourning dove,baaíipaachke,,,one with a long tail,,"<p>
<b>Description</b>: A large shrub, up to 15 feet in height. The
branches are thorny. The oval shaped leaves alternate
arranged, 2–4 inches long, dark green, smooth and pale on
the underside. The small flowers with five, white petals and
yelow tipped stamens occur singly or in clusters. Spherical
to oblong fruit is yellow to reddish-purple and 1 inch in
diameter.
</p>
<br>
<p>
<b>Habitat</b>: Thickets, woodlands, mountain slopes; plains, and
valleys.
</p>
<br>
<p>
<b>Uses</b>: Fruit is edible. Branches used for ceremonies. Roots
have been used to make dyes.
</p>",Medium,"[{""file"": ""Wren.jpg""}]","[{""file"": ""29572_aape-isee--mullein_Entry1_VCA_1749834010307.mp3""}]",wren-text-map.jpg,
Chordeiles minor,Caprimulgiformes,nighthawk,isshtáappiia,,,flatulating bird,,"<p>
<b>Description</b>: A large shrub, up to 15 feet in height. The
branches are thorny. The oval shaped leaves alternate
arranged, 2–4 inches long, dark green, smooth and pale on
the underside. The small flowers with five, white petals and
yelow tipped stamens occur singly or in clusters. Spherical
to oblong fruit is yellow to reddish-purple and 1 inch in
diameter.
</p>
<br>
<p>
<b>Habitat</b>: Thickets, woodlands, mountain slopes; plains, and
valleys.
</p>
<br>
<p>
<b>Uses</b>: Fruit is edible. Branches used for ceremonies. Roots
have been used to make dyes.
</p>",Medium,"[{""file"": ""Wren.jpg""}]","[{""file"": ""29823_bachaaiish-apaale--plantain_Entry1_LYM_1749837357208.mp3""}]",wren-text-map.jpg,
Circus hudsonius,Accipitriformes,northern harrier,baaíipuushchia,,,one with white rump tail feathers,,"<p>
<b>Description</b>: A large shrub, up to 15 feet in height. The
branches are thorny. The oval shaped leaves alternate
arranged, 2–4 inches long, dark green, smooth and pale on
the underside. The small flowers with five, white petals and
yelow tipped stamens occur singly or in clusters. Spherical
to oblong fruit is yellow to reddish-purple and 1 inch in
diameter.
</p>
<br>
<p>
<b>Habitat</b>: Thickets, woodlands, mountain slopes; plains, and
valleys.
</p>
<br>
<p>
<b>Uses</b>: Fruit is edible. Branches used for ceremonies. Roots
have been used to make dyes.
</p>",Large,"[{""file"": ""Robin.jpg""}]","[{""file"": ""29823_bachaaiish-apaale--plantain_Entry1_LYM_1749837357208.mp3""}]",robin-text-map.jpg,
Troglodytes aedon,Passeriformes,northern house wren,chihchaxxíi,chihchaxxiikáate,,one that calls five times; little one that calls five times,,"<p>
<b>Description</b>: A large shrub, up to 15 feet in height. The
branches are thorny. The oval shaped leaves alternate
arranged, 2–4 inches long, dark green, smooth and pale on
the underside. The small flowers with five, white petals and
yelow tipped stamens occur singly or in clusters. Spherical
to oblong fruit is yellow to reddish-purple and 1 inch in
diameter.
</p>
<br>
<p>
<b>Habitat</b>: Thickets, woodlands, mountain slopes; plains, and
valleys.
</p>
<br>
<p>
<b>Uses</b>: Fruit is edible. Branches used for ceremonies. Roots
have been used to make dyes.
</p>",Tiny,"[{""file"": ""Burrowing_Owl.jpg""}]","[{""file"": ""6535_b_iiwaaistaleete_puff_ball_CGL.mp3""}]","burrowing_owl-text-map.jpg",
Pandion haliaetus,Accipitriformes,osprey,chilaxtawilé,,,water hawk,,"<p>
<b>Description</b>: A large shrub, up to 15 feet in height. The
branches are thorny. The oval shaped leaves alternate
arranged, 2–4 inches long, dark green, smooth and pale on
the underside. The small flowers with five, white petals and
yelow tipped stamens occur singly or in clusters. Spherical
to oblong fruit is yellow to reddish-purple and 1 inch in
diameter.
</p>
<br>
<p>
<b>Habitat</b>: Thickets, woodlands, mountain slopes; plains, and
valleys.
</p>
<br>
<p>
<b>Uses</b>: Fruit is edible. Branches used for ceremonies. Roots
have been used to make dyes.
</p>",Large,"[{""file"": ""American Crow.jpg""}]","[{""file"": ""4033_chihpacguusjusshe_yarrow_CGL.mp3""}]",turkey_vulture-text-map.jpg,
Struthio camelus,Struthioniformes,ostrich,dakáakakdaassee,,,flightless bird,,"<p>
<b>Description</b>: A large shrub, up to 15 feet in height. The
branches are thorny. The oval shaped leaves alternate
arranged, 2–4 inches long, dark green, smooth and pale on
the underside. The small flowers with five, white petals and
yelow tipped stamens occur singly or in clusters. Spherical
to oblong fruit is yellow to reddish-purple and 1 inch in
diameter.
</p>
<br>
<p>
<b>Habitat</b>: Thickets, woodlands, mountain slopes; plains, and
valleys.
</p>
<br>
<p>
<b>Uses</b>: Fruit is edible. Branches used for ceremonies. Roots
have been used to make dyes.
</p>",Very Large,"[{""file"": ""rooster.jpg""}]","[{""file"": ""3445_bikkaakaashe_bluegrass_CGL.mp3""}]",turkey_vulture-text-map.jpg,
Pavo cristatus,Galliformes,peacock,báakakoohuushbaaiipkooteete,,,tail that looks like it comes from above; will need to hear this pronounced,,"<p>
<b>Description</b>: A large shrub, up to 15 feet in height. The
branches are thorny. The oval shaped leaves alternate
arranged, 2–4 inches long, dark green, smooth and pale on
the underside. The small flowers with five, white petals and
yelow tipped stamens occur singly or in clusters. Spherical
to oblong fruit is yellow to reddish-purple and 1 inch in
diameter.
</p>
<br>
<p>
<b>Habitat</b>: Thickets, woodlands, mountain slopes; plains, and
valleys.
</p>
<br>
<p>
<b>Uses</b>: Fruit is edible. Branches used for ceremonies. Roots
have been used to make dyes.
</p>",Large,"[{""file"": ""Turkey_Vulture.jpg""}]","[{""file"": ""8741_xooxaashe_corn_grantbulltail.mp3""}]",turkey_vulture-text-map.jpg,
Pelecanus erythrorhynchos,Pelecaniformes,pelican,akbualuushé,,,one who eats fish,,"<p>
<b>Description</b>: A large shrub, up to 15 feet in height. The
branches are thorny. The oval shaped leaves alternate
arranged, 2–4 inches long, dark green, smooth and pale on
the underside. The small flowers with five, white petals and
yelow tipped stamens occur singly or in clusters. Spherical
to oblong fruit is yellow to reddish-purple and 1 inch in
diameter.
</p>
<br>
<p>
<b>Habitat</b>: Thickets, woodlands, mountain slopes; plains, and
valleys.
</p>
<br>
<p>
<b>Uses</b>: Fruit is edible. Branches used for ceremonies. Roots
have been used to make dyes.
</p>",Very Large,"[{""file"": ""Chickadee.jpg""}]","[{""file"": ""53838_baaxalaxxate--rhubarb_AudioMaleCitation_RPF2_1627675203021.mp3""}]","chickadee-text-map.jpg",
Phasianus colchicus,Galliformes,pheasant,chiichkíiphachkite,,,long tailed prairie chicken,,"<p>
<b>Description</b>: A large shrub, up to 15 feet in height. The
branches are thorny. The oval shaped leaves alternate
arranged, 2–4 inches long, dark green, smooth and pale on
the underside. The small flowers with five, white petals and
yelow tipped stamens occur singly or in clusters. Spherical
to oblong fruit is yellow to reddish-purple and 1 inch in
diameter.
</p>
<br>
<p>
<b>Habitat</b>: Thickets, woodlands, mountain slopes; plains, and
valleys.
</p>
<br>
<p>
<b>Uses</b>: Fruit is edible. Branches used for ceremonies. Roots
have been used to make dyes.
</p>",Medium-Large,"[{""file"": ""Pheasant.jpg""}]","[{""file"": ""1582_awakoochiluua_cedar_ground_RileySinger.mp3""}]","pheasant-text-map.jpg",
Pterocles alchata,Pterocliformes,pin-tailed sandgrouse,chiichkakaáshe,"chiichkatáahile, chiichkatáale",,real prairie chicken; genuine prairie chicken; original prairie chicken; these three entries need to be reviewed and compared.,,"<p>
<b>Description</b>: A large shrub, up to 15 feet in height. The
branches are thorny. The oval shaped leaves alternate
arranged, 2–4 inches long, dark green, smooth and pale on
the underside. The small flowers with five, white petals and
yelow tipped stamens occur singly or in clusters. Spherical
to oblong fruit is yellow to reddish-purple and 1 inch in
diameter.
</p>
<br>
<p>
<b>Habitat</b>: Thickets, woodlands, mountain slopes; plains, and
valleys.
</p>
<br>
<p>
<b>Uses</b>: Fruit is edible. Branches used for ceremonies. Roots
have been used to make dyes.
</p>",Medium,"[{""file"": ""Spruce_Grouse.jpg""}]","[{""file"": ""29611_awaatuuwishbaachuua--Oregon-grape_Entry1_VCA_1749833458857.mp3""}]",spruce_grouse-text-map.jpg,
Falco mexicanus,Falconiformes,prairie falcon,issaxché,,,ties its wings,,"<p>
<b>Description</b>: A large shrub, up to 15 feet in height. The
branches are thorny. The oval shaped leaves alternate
arranged, 2–4 inches long, dark green, smooth and pale on
the underside. The small flowers with five, white petals and
yelow tipped stamens occur singly or in clusters. Spherical
to oblong fruit is yellow to reddish-purple and 1 inch in
diameter.
</p>
<br>
<p>
<b>Habitat</b>: Thickets, woodlands, mountain slopes; plains, and
valleys.
</p>
<br>
<p>
<b>Uses</b>: Fruit is edible. Branches used for ceremonies. Roots
have been used to make dyes.
</p>",Medium,"[{""file"": ""Greater_Sage_Grouse.jpg""}]","[{""file"": ""2647_baauhpashiililitshia_rosin_weed_rileysinger1.mp3""}]","sage_grouse-text-map.jpg",
Corvus corax,Passeriformes,raven,peelatché,,,piles the dung,,"<p>
<b>Description</b>: A large shrub, up to 15 feet in height. The
branches are thorny. The oval shaped leaves alternate
arranged, 2–4 inches long, dark green, smooth and pale on
the underside. The small flowers with five, white petals and
yelow tipped stamens occur singly or in clusters. Spherical
to oblong fruit is yellow to reddish-purple and 1 inch in
diameter.
</p>
<br>
<p>
<b>Habitat</b>: Thickets, woodlands, mountain slopes; plains, and
valleys.
</p>
<br>
<p>
<b>Uses</b>: Fruit is edible. Branches used for ceremonies. Roots
have been used to make dyes.
</p>",Large,"[{""file"": ""Red-tailed_Hawk.jpg""}]","[{""file"": ""2645_baauhpashiililichitche_gumweed_curlcup_rileysinger1.mp3""}]",redtail_hawk-text-map.jpg,
Melanerpes erythrocephalus,Piciformes,red-headed woodpecker,akbannakkoopé,,,one who punches holes in wood,,"<p>
<b>Description</b>: A large shrub, up to 15 feet in height. The
branches are thorny. The oval shaped leaves alternate
arranged, 2–4 inches long, dark green, smooth and pale on
the underside. The small flowers with five, white petals and
yelow tipped stamens occur singly or in clusters. Spherical
to oblong fruit is yellow to reddish-purple and 1 inch in
diameter.
</p>
<br>
<p>
<b>Habitat</b>: Thickets, woodlands, mountain slopes; plains, and
valleys.
</p>
<br>
<p>
<b>Uses</b>: Fruit is edible. Branches used for ceremonies. Roots
have been used to make dyes.
</p>",Small-Medium,"[{""file"": ""Coopers_Hawk.jpg""}]","[{""file"": ""70671_akuuwatkaatawaachuua--nightshade_AudioMaleCitation_LYM_1628270362218.mp3""}]","coopers_hawk-text-map.jpg",
Colaptes auratus,Piciformes,red-shafted flicker,usshiité,husshiite,,orange colored (tail),,"<p>
<b>Description</b>: A large shrub, up to 15 feet in height. The
branches are thorny. The oval shaped leaves alternate
arranged, 2–4 inches long, dark green, smooth and pale on
the underside. The small flowers with five, white petals and
yelow tipped stamens occur singly or in clusters. Spherical
to oblong fruit is yellow to reddish-purple and 1 inch in
diameter.
</p>
<br>
<p>
<b>Habitat</b>: Thickets, woodlands, mountain slopes; plains, and
valleys.
</p>
<br>
<p>
<b>Uses</b>: Fruit is edible. Branches used for ceremonies. Roots
have been used to make dyes.
</p>",Medium-Large,"[{""file"": ""Swainsons_Hawk.jpg""}]","[{""file"": ""42180_baaapaale-shiile--dandelion_AudioMaleCitation_RPF2_1627667737300.mp3""}]",swainsons_hawk-text-map.jpg,
Buteo jamaicensis,Accipitriformes,red-tailed hawk,chilaxchíipshiile,,,yellow tail hawk,,"<p>
<b>Description</b>: A large shrub, up to 15 feet in height. The
branches are thorny. The oval shaped leaves alternate
arranged, 2–4 inches long, dark green, smooth and pale on
the underside. The small flowers with five, white petals and
yelow tipped stamens occur singly or in clusters. Spherical
to oblong fruit is yellow to reddish-purple and 1 inch in
diameter.
</p>
<br>
<p>
<b>Habitat</b>: Thickets, woodlands, mountain slopes; plains, and
valleys.
</p>
<br>
<p>
<b>Uses</b>: Fruit is edible. Branches used for ceremonies. Roots
have been used to make dyes.
</p>",Large,"[{""file"": ""Osprey.jpg""}]","[{""file"": ""2644_baauhpashiile_sunflower_rileysinger1.mp3""}]","osprey-text-map.jpg",
Agelaius phoeniceus,Passeriformes,red-winged blackbird,baaxíilooshe,,,red grey one,,"<p>
<b>Description</b>: A large shrub, up to 15 feet in height. The
branches are thorny. The oval shaped leaves alternate
arranged, 2–4 inches long, dark green, smooth and pale on
the underside. The small flowers with five, white petals and
yelow tipped stamens occur singly or in clusters. Spherical
to oblong fruit is yellow to reddish-purple and 1 inch in
diameter.
</p>
<br>
<p>
<b>Habitat</b>: Thickets, woodlands, mountain slopes; plains, and
valleys.
</p>
<br>
<p>
<b>Uses</b>: Fruit is edible. Branches used for ceremonies. Roots
have been used to make dyes.
</p>",Small,"[{""file"": ""Killdeer.jpg""}]","[{""file"": ""3819_bishuxxatbale_willow_diamond_rileysinger1.mp3""}]","killdeer-text-map.jpg",
Aythya americana,Anseriformes,redhead,bíaxaake aashuahisshikáate,,,red head duck; spell consistently with above?,,"<p>
<b>Description</b>: A large shrub, up to 15 feet in height. The
branches are thorny. The oval shaped leaves alternate
arranged, 2–4 inches long, dark green, smooth and pale on
the underside. The small flowers with five, white petals and
yelow tipped stamens occur singly or in clusters. Spherical
to oblong fruit is yellow to reddish-purple and 1 inch in
diameter.
</p>
<br>
<p>
<b>Habitat</b>: Thickets, woodlands, mountain slopes; plains, and
valleys.
</p>
<br>
<p>
<b>Uses</b>: Fruit is edible. Branches used for ceremonies. Roots
have been used to make dyes.
</p>",Medium,"[{""file"": ""Mountain Plover.jpg""}]","[{""file"": ""4630_dakaakisbale_willow_diamond_CGL.mp3""}]","mountain_plover.jpg",
Turdus migratorius,Passeriformes,robin,chihchaxxiiisée,iskáache,,big one that calls five times; he laughs,,"<p>
<b>Description</b>: A large shrub, up to 15 feet in height. The
branches are thorny. The oval shaped leaves alternate
arranged, 2–4 inches long, dark green, smooth and pale on
the underside. The small flowers with five, white petals and
yelow tipped stamens occur singly or in clusters. Spherical
to oblong fruit is yellow to reddish-purple and 1 inch in
diameter.
</p>
<br>
<p>
<b>Habitat</b>: Thickets, woodlands, mountain slopes; plains, and
valleys.
</p>
<br>
<p>
<b>Uses</b>: Fruit is edible. Branches used for ceremonies. Roots
have been used to make dyes.
</p>",Small-Medium,"[{""file"": ""Emu.jpg""}]","[{""file"": ""7976_peelatchisbale_willow_diamond_rileysinger2.mp3""}]",turkey_vulture-text-map.jpg,
Columba livia,Columbiformes,rock pigeon,baaíipaachkisee,,,large dove,,"<p>
<b>Description</b>: A large shrub, up to 15 feet in height. The
branches are thorny. The oval shaped leaves alternate
arranged, 2–4 inches long, dark green, smooth and pale on
the underside. The small flowers with five, white petals and
yelow tipped stamens occur singly or in clusters. Spherical
to oblong fruit is yellow to reddish-purple and 1 inch in
diameter.
</p>
<br>
<p>
<b>Habitat</b>: Thickets, woodlands, mountain slopes; plains, and
valleys.
</p>
<br>
<p>
<b>Uses</b>: Fruit is edible. Branches used for ceremonies. Roots
have been used to make dyes.
</p>",Medium,"[{""file"": ""Ostrich.jpg""}]","[{""file"": ""2893_bahkashua_cottonwood_rileysinger.mp3""}]",turkey_vulture-text-map.jpg,
Buteo lagopus,Accipitriformes,rough-legged hawk,déaxkaashchichee,,,looks like an eagle,,"<p>
<b>Description</b>: A large shrub, up to 15 feet in height. The
branches are thorny. The oval shaped leaves alternate
arranged, 2–4 inches long, dark green, smooth and pale on
the underside. The small flowers with five, white petals and
yelow tipped stamens occur singly or in clusters. Spherical
to oblong fruit is yellow to reddish-purple and 1 inch in
diameter.
</p>
<br>
<p>
<b>Habitat</b>: Thickets, woodlands, mountain slopes; plains, and
valleys.
</p>
<br>
<p>
<b>Uses</b>: Fruit is edible. Branches used for ceremonies. Roots
have been used to make dyes.
</p>",Large,"[{""file"": ""Parrot.jpg""}]","[{""file"": ""2990_balawuuleetbaachuu_elderberry_black_RPF.mp3""}]",turkey_vulture-text-map.jpg,
Selasphorus rufus,Apodiformes,rufous hummingbird,suuakáate,,,little thunder,,"<p>
<b>Description</b>: A large shrub, up to 15 feet in height. The
branches are thorny. The oval shaped leaves alternate
arranged, 2–4 inches long, dark green, smooth and pale on
the underside. The small flowers with five, white petals and
yelow tipped stamens occur singly or in clusters. Spherical
to oblong fruit is yellow to reddish-purple and 1 inch in
diameter.
</p>
<br>
<p>
<b>Habitat</b>: Thickets, woodlands, mountain slopes; plains, and
valleys.
</p>
<br>
<p>
<b>Uses</b>: Fruit is edible. Branches used for ceremonies. Roots
have been used to make dyes.
</p>",Tiny,"[{""file"": ""Macaw.jpg""}]","[{""file"": ""30183_baapassache--Canadian-thistle_Entry1_LYM_1753466529914.mp3""}]",turkey_vulture-text-map.jpg,
Antigone canadensis,Gruiformes,sandhill crane,apíte,,,straight beak,,"<p>
<b>Description</b>: A large shrub, up to 15 feet in height. The
branches are thorny. The oval shaped leaves alternate
arranged, 2–4 inches long, dark green, smooth and pale on
the underside. The small flowers with five, white petals and
yelow tipped stamens occur singly or in clusters. Spherical
to oblong fruit is yellow to reddish-purple and 1 inch in
diameter.
</p>
<br>
<p>
<b>Habitat</b>: Thickets, woodlands, mountain slopes; plains, and
valleys.
</p>
<br>
<p>
<b>Uses</b>: Fruit is edible. Branches used for ceremonies. Roots
have been used to make dyes.
</p>",Large,"[{""file"": ""Catbird.jpg""}]","[{""file"": ""30220_ahpee-baaapaale--evening-primrose_Entry1_VCA_1749232956717.mp3""}]","catbird-text-map.jpg",
Ara macao,Psittaciformes,scarlet macaw,dakáakapisee hisshikáate,,,red bird with large beak,,"<p>
<b>Description</b>: A large shrub, up to 15 feet in height. The
branches are thorny. The oval shaped leaves alternate
arranged, 2–4 inches long, dark green, smooth and pale on
the underside. The small flowers with five, white petals and
yelow tipped stamens occur singly or in clusters. Spherical
to oblong fruit is yellow to reddish-purple and 1 inch in
diameter.
</p>
<br>
<p>
<b>Habitat</b>: Thickets, woodlands, mountain slopes; plains, and
valleys.
</p>
<br>
<p>
<b>Uses</b>: Fruit is edible. Branches used for ceremonies. Roots
have been used to make dyes.
</p>",Large,"[{""file"": ""Seagull.jpg""}]","[{""file"": ""6499_iiwaaapiiaxxuua_sneezeweed_rileysinger1.mp3""}]",turkey_vulture-text-map.jpg,
Larus argentatus,Charadriiformes,seagull,dakáakchia,dakáakshpitxaxxe,,"white bird
 black striped bird",,"<p>
<b>Description</b>: A large shrub, up to 15 feet in height. The
branches are thorny. The oval shaped leaves alternate
arranged, 2–4 inches long, dark green, smooth and pale on
the underside. The small flowers with five, white petals and
yelow tipped stamens occur singly or in clusters. Spherical
to oblong fruit is yellow to reddish-purple and 1 inch in
diameter.
</p>
<br>
<p>
<b>Habitat</b>: Thickets, woodlands, mountain slopes; plains, and
valleys.
</p>
<br>
<p>
<b>Uses</b>: Fruit is edible. Branches used for ceremonies. Roots
have been used to make dyes.
</p>",Large,"[{""file"": ""Seagull.jpg""}]","[{""file"": ""4620_dakaakapkisshe_shooting_star_CGL.mp3""}]",turkey_vulture-text-map.jpg,
Accipiter striatus,Accipitriformes,sharp-shinned hawk,baaíipxaxxe,,,one with a striped tail,,"<p>
<b>Description</b>: A large shrub, up to 15 feet in height. The
branches are thorny. The oval shaped leaves alternate
arranged, 2–4 inches long, dark green, smooth and pale on
the underside. The small flowers with five, white petals and
yelow tipped stamens occur singly or in clusters. Spherical
to oblong fruit is yellow to reddish-purple and 1 inch in
diameter.
</p>
<br>
<p>
<b>Habitat</b>: Thickets, woodlands, mountain slopes; plains, and
valleys.
</p>
<br>
<p>
<b>Uses</b>: Fruit is edible. Branches used for ceremonies. Roots
have been used to make dyes.
</p>",Medium,"[{""file"": ""Harrier_Hawk.jpg""}]","[{""file"": ""8332_shusshua_peppermint_wild_rileysinger1.mp3""}]",turkey-text-map.jpg,
Tympanuchus phasianellus,Galliformes,sharp-tailed grouse,chiichkakaáshe,"chiichkatáahile, chiichkatáale",,real prairie chicken; genuine prairie chicken; original prairie chicken; these three entries need to be reviewed and compared.,,"<p>
<b>Description</b>: A large shrub, up to 15 feet in height. The
branches are thorny. The oval shaped leaves alternate
arranged, 2–4 inches long, dark green, smooth and pale on
the underside. The small flowers with five, white petals and
yelow tipped stamens occur singly or in clusters. Spherical
to oblong fruit is yellow to reddish-purple and 1 inch in
diameter.
</p>
<br>
<p>
<b>Habitat</b>: Thickets, woodlands, mountain slopes; plains, and
valleys.
</p>
<br>
<p>
<b>Uses</b>: Fruit is edible. Branches used for ceremonies. Roots
have been used to make dyes.
</p>",Medium,"[{""file"": ""Sharp-skinned Hawk.jpg""}]","[{""file"": ""03959_cheetisbaailichitche_false-tarragon--sagewort-_FemaleCitation_CGL_1.mp3""}]",oriole-text-map.jpg,
Plectrophenax nivalis,Passeriformes,snow bunting,ischíkii,"ischíkiikaate, báalaannakaake",,description of their call; small snow bunting; winter bird,,"<p>
<b>Description</b>: A large shrub, up to 15 feet in height. The
branches are thorny. The oval shaped leaves alternate
arranged, 2–4 inches long, dark green, smooth and pale on
the underside. The small flowers with five, white petals and
yelow tipped stamens occur singly or in clusters. Spherical
to oblong fruit is yellow to reddish-purple and 1 inch in
diameter.
</p>
<br>
<p>
<b>Habitat</b>: Thickets, woodlands, mountain slopes; plains, and
valleys.
</p>
<br>
<p>
<b>Uses</b>: Fruit is edible. Branches used for ceremonies. Roots
have been used to make dyes.
</p>",Small,"[{""file"": ""Curlew.jpg""}]","[{""file"": ""29972_ammiteeniisahchaxuuwe--fringed-sage_Entry1_VCA_1749240117504.mp3""}]",goldfinch-text-map.jpg,
Bubo scandiacus,Strigiformes,snowy owl,póopahtachia,,,white owl,,"<p>
<b>Description</b>: A large shrub, up to 15 feet in height. The
branches are thorny. The oval shaped leaves alternate
arranged, 2–4 inches long, dark green, smooth and pale on
the underside. The small flowers with five, white petals and
yelow tipped stamens occur singly or in clusters. Spherical
to oblong fruit is yellow to reddish-purple and 1 inch in
diameter.
</p>
<br>
<p>
<b>Habitat</b>: Thickets, woodlands, mountain slopes; plains, and
valleys.
</p>
<br>
<p>
<b>Uses</b>: Fruit is edible. Branches used for ceremonies. Roots
have been used to make dyes.
</p>",Large,"[{""file"": ""Peafowl.jpg""}]","[{""file"": ""3452_bikkaasahte_carrot_wild_hubert_two_leggins.mp3""}]",turkey_vulture-text-map.jpg,
Falcipennis canadensis,Galliformes,spruce grouse,chiichkíipuluppe,,,prairie chicken that spreads out tail,,"<p>
<b>Description</b>: A large shrub, up to 15 feet in height. The
branches are thorny. The oval shaped leaves alternate
arranged, 2–4 inches long, dark green, smooth and pale on
the underside. The small flowers with five, white petals and
yelow tipped stamens occur singly or in clusters. Spherical
to oblong fruit is yellow to reddish-purple and 1 inch in
diameter.
</p>
<br>
<p>
<b>Habitat</b>: Thickets, woodlands, mountain slopes; plains, and
valleys.
</p>
<br>
<p>
<b>Uses</b>: Fruit is edible. Branches used for ceremonies. Roots
have been used to make dyes.
</p>",Medium,"[{""file"": ""Snow_Bunting.jpg""}]","[{""file"": ""84475_huupatatche--golden-currant_AudioFemaleCitation_RH_1627841831979.mp3""}]",western_bluebird-text-map.jpg,
Ciconiidae sp.,Ciconiiformes,stork,akbaakáatdutche,,,one who catches children,,"<p>
<b>Description</b>: A large shrub, up to 15 feet in height. The
branches are thorny. The oval shaped leaves alternate
arranged, 2–4 inches long, dark green, smooth and pale on
the underside. The small flowers with five, white petals and
yelow tipped stamens occur singly or in clusters. Spherical
to oblong fruit is yellow to reddish-purple and 1 inch in
diameter.
</p>
<br>
<p>
<b>Habitat</b>: Thickets, woodlands, mountain slopes; plains, and
valleys.
</p>
<br>
<p>
<b>Uses</b>: Fruit is edible. Branches used for ceremonies. Roots
have been used to make dyes.
</p>",Very Large,"[{""file"": ""rooster.jpg""}]","[{""file"": ""93499_iipchuupe--golden-currant_AudioFemaleCitation_RH_1627935356557.mp3""}]","golden_eagle-text-map.jpg",
Buteo swainsoni,Accipitriformes,swainson's hawk,chilaxtaléaxe,,pale hawk,pale hawk; “winter hawk”,,"<p>
<b>Description</b>: A large shrub, up to 15 feet in height. The
branches are thorny. The oval shaped leaves alternate
arranged, 2–4 inches long, dark green, smooth and pale on
the underside. The small flowers with five, white petals and
yelow tipped stamens occur singly or in clusters. Spherical
to oblong fruit is yellow to reddish-purple and 1 inch in
diameter.
</p>
<br>
<p>
<b>Habitat</b>: Thickets, woodlands, mountain slopes; plains, and
valleys.
</p>
<br>
<p>
<b>Uses</b>: Fruit is edible. Branches used for ceremonies. Roots
have been used to make dyes.
</p>",Large,"[{""file"": ""Chicken.jpg""}]","[{""file"": ""03349_bicheechihtashiile-_yellow-currant-yellow-goo_FemaleCitation_RH_2.mp3""}]","golden_eagle-text-map.jpg",
Cygnus sp.,Anseriformes,swan,bíilaachia,,,white goose,,"<p>
<b>Description</b>: A large shrub, up to 15 feet in height. The
branches are thorny. The oval shaped leaves alternate
arranged, 2–4 inches long, dark green, smooth and pale on
the underside. The small flowers with five, white petals and
yelow tipped stamens occur singly or in clusters. Spherical
to oblong fruit is yellow to reddish-purple and 1 inch in
diameter.
</p>
<br>
<p>
<b>Habitat</b>: Thickets, woodlands, mountain slopes; plains, and
valleys.
</p>
<br>
<p>
<b>Uses</b>: Fruit is edible. Branches used for ceremonies. Roots
have been used to make dyes.
</p>",Very Large,"[{""file"": ""Meadowlark.jpg""}]","[{""file"": ""3623_biliititdia_ivesia_gordens_grantbulltail1.mp3""}]","golden_eagle-text-map.jpg",
Cathartes aura,Cathartiformes,turkey vulture,axxiaxxiipé,akbaachéeluushe,,"wrinkled forehead;
 one who eats dead things",,"<p>
<b>Description</b>: A large shrub, up to 15 feet in height. The
branches are thorny. The oval shaped leaves alternate
arranged, 2–4 inches long, dark green, smooth and pale on
the underside. The small flowers with five, white petals and
yelow tipped stamens occur singly or in clusters. Spherical
to oblong fruit is yellow to reddish-purple and 1 inch in
diameter.
</p>
<br>
<p>
<b>Habitat</b>: Thickets, woodlands, mountain slopes; plains, and
valleys.
</p>
<br>
<p>
<b>Uses</b>: Fruit is edible. Branches used for ceremonies. Roots
have been used to make dyes.
</p>",Very Large,"[{""file"": ""Horned_Lark.jpg""}]","[{""file"": ""3445_bikkaakaashe_bluegrass_CGL.mp3""}]","golden_eagle-text-map.jpg",
Anhinga anhinga,Suliformes,water turkey,binnakáake,,,water bird,,"<p>
<b>Description</b>: A large shrub, up to 15 feet in height. The
branches are thorny. The oval shaped leaves alternate
arranged, 2–4 inches long, dark green, smooth and pale on
the underside. The small flowers with five, white petals and
yelow tipped stamens occur singly or in clusters. Spherical
to oblong fruit is yellow to reddish-purple and 1 inch in
diameter.
</p>
<br>
<p>
<b>Habitat</b>: Thickets, woodlands, mountain slopes; plains, and
valleys.
</p>
<br>
<p>
<b>Uses</b>: Fruit is edible. Branches used for ceremonies. Roots
have been used to make dyes.
</p>",Large,"[{""file"": ""Brewers_Blackbird.jpg""}]","[{""file"": ""01509_chihpaxxiiooshishbaapaachishe--Gordons-ivesia_Entry1_LYM_1754603484151.mp3""}]","golden_eagle-text-map.jpg",
Sialia mexicana,Passeriformes,western bluebird,dakáakshuakaate,,,little blue bird,,"<p>
<b>Description</b>: A large shrub, up to 15 feet in height. The
branches are thorny. The oval shaped leaves alternate
arranged, 2–4 inches long, dark green, smooth and pale on
the underside. The small flowers with five, white petals and
yelow tipped stamens occur singly or in clusters. Spherical
to oblong fruit is yellow to reddish-purple and 1 inch in
diameter.
</p>
<br>
<p>
<b>Habitat</b>: Thickets, woodlands, mountain slopes; plains, and
valleys.
</p>
<br>
<p>
<b>Uses</b>: Fruit is edible. Branches used for ceremonies. Roots
have been used to make dyes.
</p>",Small,"[{""file"": ""Brown-Headed_Cowbird.jpg""}]","[{""file"": ""2561_baashesshehpiia_greasewood_rileysinger1.mp3""}]","golden_eagle-text-map.jpg",
Sturnella neglecta,Passeriformes,western meadowlark,baaúuwatshiile,,,gold one,,"<p>
<b>Description</b>: A large shrub, up to 15 feet in height. The
branches are thorny. The oval shaped leaves alternate
arranged, 2–4 inches long, dark green, smooth and pale on
the underside. The small flowers with five, white petals and
yelow tipped stamens occur singly or in clusters. Spherical
to oblong fruit is yellow to reddish-purple and 1 inch in
diameter.
</p>
<br>
<p>
<b>Habitat</b>: Thickets, woodlands, mountain slopes; plains, and
valleys.
</p>
<br>
<p>
<b>Uses</b>: Fruit is edible. Branches used for ceremonies. Roots
have been used to make dyes.
</p>",Small-Medium,"[{""file"": ""Red-winged_Blackbird.jpg""}]","[{""file"": ""6083_iiiipchichipaxxaxxe_greasewood_GBT.mp3""}]",bald_eagle-text-map.jpg,
Megascops kennicottii,Strigiformes,western screech owl,bilíkaashee,,,really screams,,"<p>
<b>Description</b>: A large shrub, up to 15 feet in height. The
branches are thorny. The oval shaped leaves alternate
arranged, 2–4 inches long, dark green, smooth and pale on
the underside. The small flowers with five, white petals and
yelow tipped stamens occur singly or in clusters. Spherical
to oblong fruit is yellow to reddish-purple and 1 inch in
diameter.
</p>
<br>
<p>
<b>Habitat</b>: Thickets, woodlands, mountain slopes; plains, and
valleys.
</p>
<br>
<p>
<b>Uses</b>: Fruit is edible. Branches used for ceremonies. Roots
have been used to make dyes.
</p>",Small-Medium,"[{""file"": ""Yellow-headed_Blackbird.jpg""}]","[{""file"": ""09025_shishehpia_dark-thick-low-growing-sh_FemaleCitation_RH_1.mp3""}]",bald_eagle-text-map.jpg,
Aeronautes saxatalis,Apodiformes,white-throated swift,iaxpummássaleete,,,lacks first wing feather; need to hear this pronounced > compare with iaxpummikaássaaleete,,"<p>
<b>Description</b>: A large shrub, up to 15 feet in height. The
branches are thorny. The oval shaped leaves alternate
arranged, 2–4 inches long, dark green, smooth and pale on
the underside. The small flowers with five, white petals and
yelow tipped stamens occur singly or in clusters. Spherical
to oblong fruit is yellow to reddish-purple and 1 inch in
diameter.
</p>
<br>
<p>
<b>Habitat</b>: Thickets, woodlands, mountain slopes; plains, and
valleys.
</p>
<br>
<p>
<b>Uses</b>: Fruit is edible. Branches used for ceremonies. Roots
have been used to make dyes.
</p>",Medium,"[{""file"": ""Redhead.jpg""}]","[{""file"": ""3643_bilippite_green_ash_tree_CGL.mp3""}]",bald_eagle-text-map.jpg,
Grus americana,Gruiformes,whooping crane,apitisée,,,big crane,,"<p>
<b>Description</b>: A large shrub, up to 15 feet in height. The
branches are thorny. The oval shaped leaves alternate
arranged, 2–4 inches long, dark green, smooth and pale on
the underside. The small flowers with five, white petals and
yelow tipped stamens occur singly or in clusters. Spherical
to oblong fruit is yellow to reddish-purple and 1 inch in
diameter.
</p>
<br>
<p>
<b>Habitat</b>: Thickets, woodlands, mountain slopes; plains, and
valleys.
</p>
<br>
<p>
<b>Uses</b>: Fruit is edible. Branches used for ceremonies. Roots
have been used to make dyes.
</p>",Large,"[{""file"": ""Mallard.jpg""}]","[{""file"": ""03570_bichkapaweete--groundcherry_Entry1_LYM_1753468904562.mp3""}]",roughlegged_hawk-text-map.jpg,
Meleagris gallopavo,Galliformes,wild turkey,dakáakiskoochiia,,,enemy bird,,"<p>
<b>Description</b>: A large shrub, up to 15 feet in height. The
branches are thorny. The oval shaped leaves alternate
arranged, 2–4 inches long, dark green, smooth and pale on
the underside. The small flowers with five, white petals and
yelow tipped stamens occur singly or in clusters. Spherical
to oblong fruit is yellow to reddish-purple and 1 inch in
diameter.
</p>
<br>
<p>
<b>Habitat</b>: Thickets, woodlands, mountain slopes; plains, and
valleys.
</p>
<br>
<p>
<b>Uses</b>: Fruit is edible. Branches used for ceremonies. Roots
have been used to make dyes.
</p>",Large,"[{""file"": ""Coot.jpg""}]","[{""file"": ""03575_cheetaashke--groundcherry_Entry1_LYM_1754602747867.mp3""}]",northen_flicker-text-map.jpg,
Gallinago delicata,Charadriiformes,wilson’s snipe,baáiia,,,arrowhead,,"<p>
<b>Description</b>: A large shrub, up to 15 feet in height. The
branches are thorny. The oval shaped leaves alternate
arranged, 2–4 inches long, dark green, smooth and pale on
the underside. The small flowers with five, white petals and
yelow tipped stamens occur singly or in clusters. Spherical
to oblong fruit is yellow to reddish-purple and 1 inch in
diameter.
</p>
<br>
<p>
<b>Habitat</b>: Thickets, woodlands, mountain slopes; plains, and
valleys.
</p>
<br>
<p>
<b>Uses</b>: Fruit is edible. Branches used for ceremonies. Roots
have been used to make dyes.
</p>",Medium,"[{""file"": ""Wood_Duck.jpg""}]","[{""file"": ""70671_akuuwatkaatawaachuua--nightshade_AudioMaleCitation_LYM_1628270362218.mp3""}]",turkey_vulture-text-map.jpg,
Aix sponsa,Anseriformes,wood duck,bíaxaake xáxxe,,,spotted duck,,"<p>
<b>Description</b>: A large shrub, up to 15 feet in height. The
branches are thorny. The oval shaped leaves alternate
arranged, 2–4 inches long, dark green, smooth and pale on
the underside. The small flowers with five, white petals and
yelow tipped stamens occur singly or in clusters. Spherical
to oblong fruit is yellow to reddish-purple and 1 inch in
diameter.
</p>
<br>
<p>
<b>Habitat</b>: Thickets, woodlands, mountain slopes; plains, and
valleys.
</p>
<br>
<p>
<b>Uses</b>: Fruit is edible. Branches used for ceremonies. Roots
have been used to make dyes.
</p>",Medium,"[{""file"": ""Swan.jpg""}]","[{""file"": ""3445_bikkaakaashe_bluegrass_CGL.mp3""}]",whitethroated_swift-text-map.jpg,
Xanthocephalus xanthocephalus,Passeriformes,yellow-headed blackbird,baaxíilshiile,,,yellow grey one,,"<p>
<b>Description</b>: A large shrub, up to 15 feet in height. The
branches are thorny. The oval shaped leaves alternate
arranged, 2–4 inches long, dark green, smooth and pale on
the underside. The small flowers with five, white petals and
yelow tipped stamens occur singly or in clusters. Spherical
to oblong fruit is yellow to reddish-purple and 1 inch in
diameter.
</p>
<br>
<p>
<b>Habitat</b>: Thickets, woodlands, mountain slopes; plains, and
valleys.
</p>
<br>
<p>
<b>Uses</b>: Fruit is edible. Branches used for ceremonies. Roots
have been used to make dyes.
</p>",Small,"[{""file"": ""Canada_Jay.jpg""}]","[{""file"": ""8778_ichimmaluchise_locoweed_Burdick1.mp3""}]",robin-text-map.jpg,